id,name,age,city,country,registration_date,email,phone
1,Sophie Fournier,73,Montpellier,France,2025-06-10,sophie.fournier1@yahoo.fr,+33773350331
2,Chloe Michel,60,Reims,France,2023-06-04,chloe.michel2@hotmail.com,+33794679561
3,Lucas Robert,47,Montpellier,France,2022-11-28,lucas.robert3@orange.fr,+33625707186
4,Francois Bertrand,22,Reims,France,2023-02-27,francois.bertrand4@free.fr,+33658247606
5,Louis Laurent,25,Nice,France,2022-12-06,louis.laurent5@hotmail.com,+33626612293
6,Marie David,31,Marseille,France,2024-07-23,marie.david6@gmail.com,+33760225901
7,Jean Robert,36,Rennes,France,2024-10-30,jean.robert7@yahoo.fr,+33735965138
8,Chloe Vincent,34,Toulouse,France,2022-02-26,chloe.vincent8@yahoo.fr,+33695933294
9,Paul Laurent,29,Paris,France,2023-05-30,paul.laurent9@orange.fr,+33637931244
10,Antoine Leroy,40,Paris,France,2025-07-17,antoine.leroy10@orange.fr,+33638306582
11,Chloe Simon,58,Bordeaux,France,2023-06-03,chloe.simon11@free.fr,+33746991630
12,Francois Martin,30,Reims,France,2025-03-10,francois.martin12@gmail.com,+33636951749
13,Pierre Vincent,68,Lille,France,2022-10-24,pierre.vincent13@orange.fr,+33742346115
14,Thomas Petit,69,Lyon,France,2025-08-04,thomas.petit14@gmail.com,+33697597213
15,Chloe Dubois,48,Le Havre,France,2024-11-11,chloe.dubois15@yahoo.fr,+33638032521
16,Lucas Richard,19,Reims,France,2022-12-30,lucas.richard16@gmail.com,+33631692751
17,Camille Thomas,58,Nantes,France,2024-01-26,camille.thomas17@yahoo.fr,+33653813000
18,Alice Dubois,29,Nantes,France,2023-05-04,alice.dubois18@orange.fr,+33605869477
19,Jean Roux,48,Marseille,France,2024-04-11,jean.roux19@free.fr,+33671649581
20,Camille Michel,84,Le Havre,France,2022-08-24,camille.michel20@yahoo.fr,+33695838684
21,Francois Lefebvre,55,Nantes,France,2025-05-30,francois.lefebvre21@free.fr,+33607018217
22,David Simon,54,Reims,France,2023-10-15,david.simon22@free.fr,+33799131440
23,Camille Vincent,55,Strasbourg,France,2025-06-26,camille.vincent23@gmail.com,+33694435203
24,Emma Garcia,29,Nantes,France,2023-03-12,emma.garcia24@yahoo.fr,+33705478656
25,Julie Garcia,60,Marseille,France,2022-06-30,julie.garcia25@gmail.com,+33702349347
26,Louis Laurent,33,Saint-Etienne,France,2024-09-10,louis.laurent26@orange.fr,+33785322127
27,David Simon,25,Le Havre,France,2022-10-22,david.simon27@free.fr,+33724067322
28,Paul Simon,22,Lyon,France,2022-06-15,paul.simon28@free.fr,+33699859149
29,Alice Martin,22,Nantes,France,2023-10-05,alice.martin29@gmail.com,+33746281790
30,Louis Richard,40,Saint-Etienne,France,2023-01-20,louis.richard30@gmail.com,+33682752323
31,Paul Laurent,78,Strasbourg,France,2025-11-11,paul.laurent31@gmail.com,+33603382424
32,Alice Roux,78,Reims,France,2024-10-08,alice.roux32@free.fr,+33723793755
33,Thomas Martin,35,Reims,France,2023-11-01,thomas.martin33@yahoo.fr,+33719015070
34,Antoine Roux,32,Toulon,France,2022-08-10,antoine.roux34@gmail.com,+33798462179
35,Nicolas Simon,61,Saint-Etienne,France,2023-04-04,nicolas.simon35@hotmail.com,+33601175885
36,Pierre Durand,43,Toulon,France,2025-10-11,pierre.durand36@orange.fr,+33736688850
37,Sophie Moreau,35,Saint-Etienne,France,2023-07-11,sophie.moreau37@yahoo.fr,+33698087553
38,Sarah Bernard,70,Nantes,France,2023-01-03,sarah.bernard38@yahoo.fr,+33781343745
39,Antoine Bertrand,73,Reims,France,2024-11-27,antoine.bertrand39@hotmail.com,+33734696138
40,Pierre Garcia,42,Rennes,France,2025-04-30,pierre.garcia40@hotmail.com,+33775815780
41,Pierre Simon,29,Le Havre,France,2025-12-04,pierre.simon41@hotmail.com,+33624750852
42,Marie Martin,43,Toulouse,France,2025-02-25,marie.martin42@orange.fr,+33635653995
43,Sophie David,24,Reims,France,2023-09-26,sophie.david43@orange.fr,+33744765984
44,David Bertrand,36,Lille,France,2023-06-15,david.bertrand44@yahoo.fr,+33728412508
45,Emma Michel,20,Montpellier,France,2023-02-12,emma.michel45@yahoo.fr,+33710177462
46,David Robert,38,Le Havre,France,2023-05-26,david.robert46@hotmail.com,+33718455654
47,Francois Thomas,73,Le Havre,France,2022-12-01,francois.thomas47@yahoo.fr,+33734974861
48,Nicolas David,60,Toulon,France,2022-06-16,nicolas.david48@free.fr,+33617668723
49,Francois Garcia,59,Strasbourg,France,2022-11-02,francois.garcia49@yahoo.fr,+33767746492
50,Francois Vincent,29,Toulouse,France,2023-05-20,francois.vincent50@orange.fr,+33621796030
51,Alice Fournier,44,Saint-Etienne,France,2025-05-18,alice.fournier51@hotmail.com,+33635537819
52,David Michel,74,Lyon,France,2025-05-16,david.michel52@orange.fr,+33713719863
53,Julie David,57,Lyon,France,2025-03-11,julie.david53@hotmail.com,+33750964673
54,Nicolas David,83,Paris,France,2023-10-22,nicolas.david54@yahoo.fr,+33789882670
55,Alice Michel,60,Lyon,France,2022-04-23,alice.michel55@free.fr,+33776239327
56,David Bertrand,25,Saint-Etienne,France,2023-12-11,david.bertrand56@free.fr,+33669994760
57,Lea Michel,59,Toulouse,France,2024-03-10,lea.michel57@free.fr,+33758528937
58,David Leroy,29,Montpellier,France,2023-09-21,david.leroy58@hotmail.com,+33726601147
59,David Moreau,56,Bordeaux,France,2025-04-24,david.moreau59@yahoo.fr,+33604901098
60,Marie Moreau,37,Lyon,France,2024-04-02,marie.moreau60@orange.fr,+33717421029
61,Chloe David,30,Strasbourg,France,2025-08-02,chloe.david61@free.fr,+33739972229
62,Sarah Vincent,73,Marseille,France,2023-05-05,sarah.vincent62@yahoo.fr,+33750110973
63,Alice Michel,58,Lille,France,2024-03-06,alice.michel63@gmail.com,+33781499620
64,Sarah Bertrand,47,Nantes,France,2022-08-12,sarah.bertrand64@hotmail.com,+33690679294
65,Alice Martin,24,Bordeaux,France,2023-11-03,alice.martin65@yahoo.fr,+33613966866
66,Marie Leroy,26,Nice,France,2025-10-23,marie.leroy66@hotmail.com,+33658308258
67,Julie Bertrand,54,Bordeaux,France,2023-06-14,julie.bertrand67@free.fr,+33729105190
68,Chloe Laurent,62,Toulouse,France,2022-09-26,chloe.laurent68@yahoo.fr,+33712159915
69,David Bertrand,61,Toulouse,France,2024-10-09,david.bertrand69@free.fr,+33750321951
70,Emma Leroy,35,Nantes,France,2023-08-26,emma.leroy70@free.fr,+33747669916
71,Chloe Bernard,52,Paris,France,2024-08-29,chloe.bernard71@orange.fr,+33655568389
72,Marie Richard,59,Paris,France,2023-03-30,marie.richard72@gmail.com,+33622573901
73,Antoine Thomas,35,Rennes,France,2024-05-06,antoine.thomas73@free.fr,+33644363469
74,Louis Bertrand,64,Reims,France,2022-01-27,louis.bertrand74@hotmail.com,+33724988302
75,Marie Robert,68,Rennes,France,2023-09-03,marie.robert75@gmail.com,+33772827419
76,Camille Martin,73,Lille,France,2022-11-28,camille.martin76@gmail.com,+33724586549
77,Julie Lefebvre,61,Marseille,France,2025-08-13,julie.lefebvre77@yahoo.fr,+33684795414
78,Lucas Simon,45,Paris,France,2024-12-10,lucas.simon78@gmail.com,+33637589328
79,Marie Bertrand,77,Paris,France,2022-10-07,marie.bertrand79@yahoo.fr,+33661451247
80,Thomas Richard,40,Lyon,France,2023-10-18,thomas.richard80@orange.fr,+33717311359
81,Antoine Moreau,81,Reims,France,2024-07-16,antoine.moreau81@gmail.com,+33775362780
82,Thomas Leroy,60,Toulouse,France,2023-11-29,thomas.leroy82@hotmail.com,+33739959919
83,David Leroy,22,Reims,France,2025-11-09,david.leroy83@gmail.com,+33675401252
84,Nicolas David,52,Strasbourg,France,2023-03-03,nicolas.david84@orange.fr,+33746141718
85,Chloe Laurent,28,Montpellier,France,2025-11-27,chloe.laurent85@orange.fr,+33637651872
86,Manon Martin,36,Strasbourg,France,2024-10-15,manon.martin86@yahoo.fr,+33714407064
87,Camille Bernard,36,Nantes,France,2023-05-18,camille.bernard87@gmail.com,+33798651682
88,Emma Thomas,74,Marseille,France,2022-08-16,emma.thomas88@gmail.com,+33646265695
89,Camille Moreau,59,Lille,France,2025-01-28,camille.moreau89@yahoo.fr,+33728177127
90,Sophie Roux,19,Nice,France,2025-06-02,sophie.roux90@hotmail.com,+33605246241
91,Thomas Garcia,71,Lyon,France,2025-09-29,thomas.garcia91@hotmail.com,+33646326928
92,Manon Bernard,48,Lille,France,2022-07-27,manon.bernard92@orange.fr,+33705645753
93,Francois Petit,37,Toulouse,France,2022-09-09,francois.petit93@free.fr,+33792166133
94,Nicolas Bertrand,73,Nice,France,2022-01-27,nicolas.bertrand94@yahoo.fr,+33701284118
95,Manon Martin,81,Strasbourg,France,2025-07-15,manon.martin95@gmail.com,+33727134510
96,Francois Lefebvre,78,Le Havre,France,2022-06-16,francois.lefebvre96@gmail.com,+33787951203
97,Jean Bertrand,74,Strasbourg,France,2025-04-15,jean.bertrand97@orange.fr,+33632260531
98,Jean Robert,22,Marseille,France,2024-09-15,jean.robert98@orange.fr,+33680492456
99,Emma Lefebvre,66,Toulouse,France,2025-05-18,emma.lefebvre99@gmail.com,+33609351400
100,Manon Thomas,26,Toulon,France,2024-08-03,manon.thomas100@gmail.com,+33753281692
101,Antoine Simon,22,Toulouse,France,2024-04-03,antoine.simon101@gmail.com,+33658718175
102,Lucas Petit,30,Paris,France,2023-07-18,lucas.petit102@gmail.com,+33689343061
103,Lucas David,60,Nice,France,2023-09-05,lucas.david103@gmail.com,+33702756400
104,Manon Thomas,68,Rennes,France,2023-08-16,manon.thomas104@orange.fr,+33643656849
105,Lucas Laurent,51,Toulouse,France,2023-03-02,lucas.laurent105@hotmail.com,+33793250204
106,Camille Laurent,40,Lyon,France,2025-08-10,camille.laurent106@orange.fr,+33656179523
107,David Petit,24,Reims,France,2023-05-18,david.petit107@yahoo.fr,+33754612021
108,Jean Moreau,76,Nantes,France,2023-06-23,jean.moreau108@gmail.com,+33734397267
109,Jean David,82,Rennes,France,2022-09-27,jean.david109@orange.fr,+33794650651
110,Alice Simon,72,Rennes,France,2025-10-13,alice.simon110@orange.fr,+33626215863
111,Pierre Vincent,68,Toulouse,France,2025-03-25,pierre.vincent111@yahoo.fr,+33670191031
112,Nicolas Bertrand,80,Toulouse,France,2023-10-23,nicolas.bertrand112@orange.fr,+33736189746
113,Antoine Bertrand,35,Toulouse,France,2023-01-29,antoine.bertrand113@gmail.com,+33726490323
114,Pierre Roux,21,Nantes,France,2023-02-03,pierre.roux114@free.fr,+33642784519
115,David Garcia,57,Toulouse,France,2023-12-20,david.garcia115@orange.fr,+33717442514
116,Francois Leroy,40,Montpellier,France,2023-12-07,francois.leroy116@orange.fr,+33607856319
117,Nicolas David,60,Saint-Etienne,France,2024-03-31,nicolas.david117@free.fr,+33702760399
118,Julie Dubois,58,Reims,France,2022-02-13,julie.dubois118@gmail.com,+33736921330
119,Lucas Michel,79,Paris,France,2022-05-18,lucas.michel119@hotmail.com,+33740438766
120,David Dubois,71,Lyon,France,2025-01-03,david.dubois120@yahoo.fr,+33655856821
121,Thomas Martin,29,Toulouse,France,2024-08-26,thomas.martin121@orange.fr,+33684880942
122,Nicolas Fournier,67,Rennes,France,2022-06-06,nicolas.fournier122@gmail.com,+33605318455
123,David Thomas,82,Lyon,France,2024-01-04,david.thomas123@hotmail.com,+33657717842
124,Camille Michel,31,Saint-Etienne,France,2024-04-22,camille.michel124@yahoo.fr,+33792385184
125,David Michel,21,Le Havre,France,2024-02-28,david.michel125@orange.fr,+33752878206
126,Jean David,35,Bordeaux,France,2024-07-03,jean.david126@free.fr,+33676641567
127,Paul Robert,75,Rennes,France,2024-07-05,paul.robert127@free.fr,+33795126856
128,Jean Durand,35,Montpellier,France,2024-07-19,jean.durand128@orange.fr,+33790445204
129,Nicolas Petit,53,Lyon,France,2024-07-20,nicolas.petit129@yahoo.fr,+33640195046
130,Pierre Bertrand,52,Reims,France,2023-05-04,pierre.bertrand130@yahoo.fr,+33661347529
131,Antoine Moreau,25,Lyon,France,2024-03-13,antoine.moreau131@gmail.com,+33781730533
132,David Thomas,47,Bordeaux,France,2023-11-09,david.thomas132@free.fr,+33773157786
133,Sophie Michel,21,Nice,France,2023-06-06,sophie.michel133@gmail.com,+33774454499
134,Sophie Vincent,62,Saint-Etienne,France,2022-03-21,sophie.vincent134@gmail.com,+33679392603
135,Pierre Moreau,60,Bordeaux,France,2025-08-24,pierre.moreau135@free.fr,+33625142708
136,Emma Michel,29,Lille,France,2024-10-24,emma.michel136@yahoo.fr,+33754729926
137,Camille Vincent,23,Toulon,France,2025-06-29,camille.vincent137@hotmail.com,+33714098098
138,Nicolas Martin,36,Bordeaux,France,2025-11-15,nicolas.martin138@hotmail.com,+33614431138
139,Chloe Lefebvre,36,Le Havre,France,2024-04-29,chloe.lefebvre139@gmail.com,+33649766722
140,Francois Vincent,38,Le Havre,France,2022-10-04,francois.vincent140@hotmail.com,+33670188524
141,Emma Bertrand,62,Nice,France,2023-09-01,emma.bertrand141@yahoo.fr,+33680554181
142,David Bernard,46,Reims,France,2025-04-04,david.bernard142@orange.fr,+33601596661
143,Marie Laurent,56,Bordeaux,France,2022-07-31,marie.laurent143@orange.fr,+33670112444
144,Sophie Simon,27,Toulouse,France,2023-05-17,sophie.simon144@orange.fr,+33626685112
145,Nicolas Lefebvre,32,Toulon,France,2023-10-09,nicolas.lefebvre145@free.fr,+33723781359
146,Camille Fournier,34,Lille,France,2023-10-08,camille.fournier146@hotmail.com,+33676097376
147,Paul David,55,Lyon,France,2024-11-16,paul.david147@free.fr,+33645791907
148,Lucas Moreau,44,Lyon,France,2022-10-23,lucas.moreau148@yahoo.fr,+33678471118
149,Sarah Moreau,80,Paris,France,2023-06-18,sarah.moreau149@gmail.com,+33701150965
150,Marie Martin,63,Toulouse,France,2024-08-20,marie.martin150@hotmail.com,+33702881021
151,Nicolas Petit,19,Paris,France,2025-01-20,nicolas.petit151@hotmail.com,+33723785226
152,Pierre Garcia,55,Nice,France,2025-04-06,pierre.garcia152@hotmail.com,+33644618415
153,Nicolas Michel,80,Bordeaux,France,2023-02-20,nicolas.michel153@hotmail.com,+33754111845
154,Thomas Lefebvre,31,Saint-Etienne,France,2024-11-05,thomas.lefebvre154@free.fr,+33702899781
155,Louis Garcia,72,Rennes,France,2025-06-04,louis.garcia155@yahoo.fr,+33798277732
156,Antoine Leroy,30,Paris,France,2024-05-26,antoine.leroy156@free.fr,+33660435817
157,Francois Roux,41,Nice,France,2022-09-10,francois.roux157@hotmail.com,+33631200190
158,Camille Michel,33,Nantes,France,2024-11-08,camille.michel158@yahoo.fr,+33612635613
159,Marie Simon,51,Nantes,France,2024-11-05,marie.simon159@free.fr,+33759129803
160,Paul Moreau,55,Marseille,France,2023-03-08,paul.moreau160@orange.fr,+33684784072
161,Julie Bertrand,43,Rennes,France,2024-10-11,julie.bertrand161@free.fr,+33689100940
162,Lea David,76,Bordeaux,France,2023-06-03,lea.david162@hotmail.com,+33633267480
163,Sophie Dubois,46,Reims,France,2024-10-12,sophie.dubois163@hotmail.com,+33658277572
164,Manon Robert,31,Strasbourg,France,2024-02-27,manon.robert164@gmail.com,+33632187190
165,Marie Durand,77,Rennes,France,2024-04-26,marie.durand165@hotmail.com,+33657702431
166,Paul Lefebvre,77,Nantes,France,2024-07-02,paul.lefebvre166@hotmail.com,+33633961461
167,Pierre Petit,33,Toulouse,France,2022-03-25,pierre.petit167@gmail.com,+33655127830
168,Alice Roux,52,Toulouse,France,2024-06-19,alice.roux168@hotmail.com,+33713524731
169,Nicolas Bertrand,84,Marseille,France,2024-08-26,nicolas.bertrand169@yahoo.fr,+33708812915
170,Sarah Leroy,51,Toulouse,France,2022-09-04,sarah.leroy170@free.fr,+33766540641
171,Antoine David,69,Toulouse,France,2022-07-14,antoine.david171@orange.fr,+33744482878
172,Camille Michel,33,Saint-Etienne,France,2024-01-10,camille.michel172@yahoo.fr,+33727536771
173,Lea Petit,70,Toulon,France,2022-04-23,lea.petit173@gmail.com,+33628106826
174,Camille Garcia,69,Rennes,France,2024-12-10,camille.garcia174@gmail.com,+33743017379
175,David Durand,68,Saint-Etienne,France,2025-08-24,david.durand175@free.fr,+33783069344
176,Chloe Leroy,72,Nice,France,2023-10-04,chloe.leroy176@hotmail.com,+33697104884
177,Camille Thomas,69,Reims,France,2025-02-07,camille.thomas177@orange.fr,+33779680329
178,Thomas Moreau,76,Nice,France,2024-05-11,thomas.moreau178@orange.fr,+33699275116
179,Julie Garcia,20,Rennes,France,2022-06-09,julie.garcia179@yahoo.fr,+33698960186
180,Louis Moreau,56,Nantes,France,2024-07-07,louis.moreau180@hotmail.com,+33685267729
181,Nicolas Vincent,78,Toulouse,France,2023-05-02,nicolas.vincent181@orange.fr,+33649918479
182,Julie Dubois,28,Saint-Etienne,France,2025-10-13,julie.dubois182@orange.fr,+33676914499
183,Manon Laurent,67,Strasbourg,France,2025-10-20,manon.laurent183@free.fr,+33783270137
184,Antoine Garcia,53,Lille,France,2025-05-20,antoine.garcia184@free.fr,+33790887747
185,Pierre Lefebvre,57,Saint-Etienne,France,2022-10-15,pierre.lefebvre185@gmail.com,+33645250056
186,Pierre Robert,29,Nantes,France,2022-02-20,pierre.robert186@orange.fr,+33782527852
187,Thomas Roux,35,Strasbourg,France,2025-08-23,thomas.roux187@free.fr,+33650922070
188,Louis Michel,42,Toulouse,France,2025-07-20,louis.michel188@orange.fr,+33681474231
189,Alice Dubois,51,Marseille,France,2025-01-17,alice.dubois189@gmail.com,+33738186732
190,Sarah Fournier,37,Lille,France,2023-11-16,sarah.fournier190@orange.fr,+33634266263
191,Sarah Bernard,39,Montpellier,France,2024-10-10,sarah.bernard191@hotmail.com,+33632887962
192,Antoine Lefebvre,77,Marseille,France,2022-05-04,antoine.lefebvre192@free.fr,+33776885116
193,Antoine Bertrand,72,Bordeaux,France,2023-10-31,antoine.bertrand193@orange.fr,+33772090204
194,Emma Simon,51,Lille,France,2024-10-10,emma.simon194@orange.fr,+33778832362
195,Thomas Bertrand,22,Toulouse,France,2024-10-08,thomas.bertrand195@hotmail.com,+33711859869
196,Antoine Fournier,34,Nantes,France,2024-12-01,antoine.fournier196@gmail.com,+33692780704
197,Thomas Petit,26,Nantes,France,2022-12-15,thomas.petit197@hotmail.com,+33746332081
198,Jean Bernard,70,Lille,France,2023-01-05,jean.bernard198@yahoo.fr,+33640381842
199,Antoine Garcia,29,Le Havre,France,2024-10-20,antoine.garcia199@gmail.com,+33732562788
200,Antoine Petit,23,Le Havre,France,2022-01-22,antoine.petit200@orange.fr,+33797374047
201,Lucas Dubois,33,Saint-Etienne,France,2023-02-21,lucas.dubois201@hotmail.com,+33604151987
202,Julie Michel,54,Reims,France,2023-05-12,julie.michel202@hotmail.com,+33712007472
203,Julie Richard,30,Le Havre,France,2022-03-09,julie.richard203@hotmail.com,+33680666594
204,Camille Roux,77,Nice,France,2022-11-29,camille.roux204@hotmail.com,+33675479187
205,Chloe Garcia,36,Nice,France,2023-11-16,chloe.garcia205@free.fr,+33726762712
206,Paul Leroy,58,Strasbourg,France,2023-08-12,paul.leroy206@hotmail.com,+33624415349
207,Sophie Robert,25,Lyon,France,2024-02-13,sophie.robert207@free.fr,+33613977521
208,Francois Lefebvre,43,Saint-Etienne,France,2025-04-10,francois.lefebvre208@orange.fr,+33620139030
209,Camille Lefebvre,46,Nantes,France,2025-11-26,camille.lefebvre209@gmail.com,+33761352873
210,Chloe Garcia,70,Marseille,France,2023-02-15,chloe.garcia210@gmail.com,+33781727919
211,Francois Michel,63,Le Havre,France,2023-03-17,francois.michel211@hotmail.com,+33633462832
212,Julie Durand,61,Nice,France,2025-10-07,julie.durand212@hotmail.com,+33720821401
213,Alice Michel,34,Rennes,France,2023-05-20,alice.michel213@hotmail.com,+33766150700
214,Julie Dubois,56,Marseille,France,2024-10-03,julie.dubois214@orange.fr,+33693431655
215,Paul Roux,18,Lille,France,2023-05-03,paul.roux215@yahoo.fr,+33761111685
216,Marie Vincent,51,Bordeaux,France,2025-03-25,marie.vincent216@hotmail.com,+33646617992
217,Pierre Petit,77,Toulon,France,2023-02-11,pierre.petit217@orange.fr,+33700998729
218,Sophie Dubois,45,Le Havre,France,2022-03-08,sophie.dubois218@hotmail.com,+33788570591
219,Camille Robert,29,Saint-Etienne,France,2023-11-03,camille.robert219@gmail.com,+33661228068
220,Chloe Durand,45,Marseille,France,2024-02-12,chloe.durand220@orange.fr,+33687237627
221,Emma Fournier,28,Rennes,France,2025-07-28,emma.fournier221@gmail.com,+33780160816
222,Alice Petit,26,Strasbourg,France,2025-11-13,alice.petit222@free.fr,+33737946635
223,Nicolas Richard,26,Nice,France,2025-06-13,nicolas.richard223@free.fr,+33734486469
224,Sophie Michel,82,Bordeaux,France,2022-06-23,sophie.michel224@free.fr,+33675095845
225,Pierre Bernard,55,Montpellier,France,2022-01-21,pierre.bernard225@orange.fr,+33644529074
226,Manon Martin,66,Rennes,France,2022-09-04,manon.martin226@yahoo.fr,+33761430631
227,Camille Durand,20,Paris,France,2025-08-04,camille.durand227@orange.fr,+33746397781
228,David Dubois,78,Strasbourg,France,2022-12-18,david.dubois228@free.fr,+33745947901
229,Nicolas Thomas,27,Bordeaux,France,2023-07-27,nicolas.thomas229@yahoo.fr,+33630132925
230,Emma Moreau,29,Strasbourg,France,2023-11-28,emma.moreau230@yahoo.fr,+33633066921
231,Lucas Petit,25,Montpellier,France,2025-09-02,lucas.petit231@hotmail.com,+33740465121
232,Camille Leroy,20,Strasbourg,France,2023-01-05,camille.leroy232@hotmail.com,+33796528492
233,David Thomas,75,Marseille,France,2022-04-03,david.thomas233@hotmail.com,+33644266003
234,Lea Bertrand,43,Rennes,France,2025-02-03,lea.bertrand234@free.fr,+33715062477
235,Emma David,84,Nice,France,2025-12-10,emma.david235@hotmail.com,+33658016695
236,Sarah Laurent,42,Nantes,France,2024-11-30,sarah.laurent236@free.fr,+33617203561
237,David Leroy,69,Bordeaux,France,2022-01-03,david.leroy237@yahoo.fr,+33748285782
238,Louis Simon,31,Toulon,France,2022-04-25,louis.simon238@hotmail.com,+33714417768
239,Camille Richard,77,Saint-Etienne,France,2023-09-22,camille.richard239@yahoo.fr,+33722110430
240,Julie Robert,64,Reims,France,2022-07-27,julie.robert240@orange.fr,+33757454687
241,Thomas Petit,80,Saint-Etienne,France,2025-09-20,thomas.petit241@orange.fr,+33714767900
242,Julie Garcia,66,Montpellier,France,2023-02-19,julie.garcia242@gmail.com,+33775608635
243,David Robert,69,Rennes,France,2025-09-28,david.robert243@orange.fr,+33718038687
244,Marie Roux,75,Montpellier,France,2023-08-27,marie.roux244@yahoo.fr,+33688797595
245,Thomas Roux,66,Lille,France,2022-03-05,thomas.roux245@yahoo.fr,+33738407852
246,Antoine Durand,47,Toulouse,France,2024-11-30,antoine.durand246@free.fr,+33670452138
247,Jean Roux,66,Reims,France,2025-07-05,jean.roux247@orange.fr,+33756310535
248,Julie Moreau,75,Rennes,France,2023-09-10,julie.moreau248@orange.fr,+33776817955
249,Lea Richard,43,Montpellier,France,2024-12-03,lea.richard249@gmail.com,+33756428326
250,Sophie Simon,68,Nantes,France,2022-06-13,sophie.simon250@orange.fr,+33762671087
251,Lea Durand,30,Toulon,France,2023-07-08,lea.durand251@yahoo.fr,+33777629228
252,Marie Dubois,36,Rennes,France,2025-08-28,marie.dubois252@gmail.com,+33706151944
253,Francois Bertrand,78,Paris,France,2024-09-07,francois.bertrand253@orange.fr,+33632344804
254,Camille Thomas,79,Nantes,France,2024-02-22,camille.thomas254@yahoo.fr,+33685995719
255,Pierre Leroy,76,Saint-Etienne,France,2023-10-14,pierre.leroy255@hotmail.com,+33751141652
256,Jean Martin,78,Marseille,France,2022-02-21,jean.martin256@hotmail.com,+33733162228
257,Louis Bernard,24,Reims,France,2023-03-15,louis.bernard257@gmail.com,+33797364619
258,Lea Robert,57,Lille,France,2024-05-08,lea.robert258@free.fr,+33650757705
259,Emma Garcia,20,Lille,France,2024-12-15,emma.garcia259@hotmail.com,+33687947839
260,Paul Bertrand,58,Toulon,France,2025-01-15,paul.bertrand260@hotmail.com,+33710591945
261,Francois Thomas,29,Montpellier,France,2024-04-25,francois.thomas261@free.fr,+33746076159
262,Chloe Garcia,80,Montpellier,France,2022-10-22,chloe.garcia262@yahoo.fr,+33632063017
263,Jean Moreau,53,Montpellier,France,2024-08-14,jean.moreau263@orange.fr,+33669643394
264,Lucas Thomas,79,Le Havre,France,2024-04-26,lucas.thomas264@hotmail.com,+33715322213
265,Lucas Simon,39,Strasbourg,France,2023-03-23,lucas.simon265@yahoo.fr,+33604672836
266,Francois Richard,18,Saint-Etienne,France,2022-04-05,francois.richard266@gmail.com,+33672522141
267,David Richard,60,Toulon,France,2023-08-21,david.richard267@orange.fr,+33689224031
268,Jean Lefebvre,53,Saint-Etienne,France,2023-06-07,jean.lefebvre268@yahoo.fr,+33661580610
269,Sophie Garcia,78,Lille,France,2022-05-11,sophie.garcia269@free.fr,+33679596975
270,Camille Lefebvre,29,Marseille,France,2022-02-24,camille.lefebvre270@yahoo.fr,+33760787586
271,Sophie Lefebvre,49,Nantes,France,2025-03-10,sophie.lefebvre271@gmail.com,+33701942136
272,Thomas David,38,Reims,France,2024-09-09,thomas.david272@orange.fr,+33728090527
273,Jean Laurent,47,Lille,France,2023-12-13,jean.laurent273@gmail.com,+33655165920
274,Thomas Robert,19,Saint-Etienne,France,2024-11-26,thomas.robert274@hotmail.com,+33614277759
275,Francois Petit,40,Marseille,France,2024-07-03,francois.petit275@yahoo.fr,+33723486912
276,David Roux,72,Nantes,France,2023-03-28,david.roux276@free.fr,+33642444021
277,Emma Laurent,63,Bordeaux,France,2025-07-18,emma.laurent277@hotmail.com,+33757935686
278,Julie Fournier,82,Rennes,France,2023-05-09,julie.fournier278@gmail.com,+33771187411
279,Jean Bertrand,69,Nantes,France,2023-06-07,jean.bertrand279@gmail.com,+33770739724
280,Sophie Martin,23,Saint-Etienne,France,2025-07-17,sophie.martin280@free.fr,+33768667917
281,Sarah Garcia,25,Lille,France,2024-12-28,sarah.garcia281@orange.fr,+33647291913
282,Chloe Bernard,42,Rennes,France,2024-01-06,chloe.bernard282@hotmail.com,+33627333969
283,Louis Thomas,34,Toulouse,France,2024-01-28,louis.thomas283@hotmail.com,+33650631782
284,Julie Martin,25,Nice,France,2023-03-15,julie.martin284@hotmail.com,+33730036022
285,Marie Bernard,67,Montpellier,France,2023-07-01,marie.bernard285@yahoo.fr,+33619203255
286,Alice Garcia,80,Lille,France,2023-03-17,alice.garcia286@hotmail.com,+33672679983
287,David Petit,22,Saint-Etienne,France,2023-09-21,david.petit287@yahoo.fr,+33662633825
288,Julie David,43,Lille,France,2023-02-22,julie.david288@orange.fr,+33698135161
289,Camille Bernard,47,Paris,France,2024-03-25,camille.bernard289@hotmail.com,+33605719910
290,Julie Bertrand,66,Toulon,France,2023-07-19,julie.bertrand290@gmail.com,+33620144113
291,Lea Robert,41,Toulouse,France,2024-04-16,lea.robert291@gmail.com,+33780811851
292,Emma Fournier,73,Le Havre,France,2025-07-11,emma.fournier292@gmail.com,+33705392617
293,Lea Michel,81,Marseille,France,2024-09-21,lea.michel293@hotmail.com,+33738217254
294,Alice Moreau,63,Nantes,France,2022-09-17,alice.moreau294@orange.fr,+33601996163
295,Marie Lefebvre,53,Nantes,France,2025-06-25,marie.lefebvre295@orange.fr,+33649276206
296,David Michel,64,Strasbourg,France,2024-03-28,david.michel296@hotmail.com,+33617178400
297,David David,39,Lyon,France,2024-04-26,david.david297@orange.fr,+33734539187
298,Marie Durand,37,Lyon,France,2025-03-09,marie.durand298@gmail.com,+33715112618
299,Lucas Leroy,19,Nice,France,2025-07-21,lucas.leroy299@yahoo.fr,+33722854483
300,David Bertrand,58,Lyon,France,2024-12-16,david.bertrand300@hotmail.com,+33677812934
301,Emma David,23,Le Havre,France,2024-11-07,emma.david301@orange.fr,+33601579433
302,Chloe Fournier,72,Bordeaux,France,2025-06-06,chloe.fournier302@gmail.com,+33633301577
303,Pierre Bertrand,20,Nice,France,2022-01-16,pierre.bertrand303@yahoo.fr,+33602781442
304,Pierre Petit,75,Saint-Etienne,France,2025-04-27,pierre.petit304@yahoo.fr,+33695743385
305,David Laurent,49,Nice,France,2024-12-28,david.laurent305@free.fr,+33636432840
306,Sarah Martin,57,Bordeaux,France,2025-03-28,sarah.martin306@gmail.com,+33795919379
307,David Lefebvre,50,Reims,France,2022-01-19,david.lefebvre307@hotmail.com,+33718565241
308,Marie Thomas,38,Nice,France,2025-02-22,marie.thomas308@orange.fr,+33748502693
309,Marie Petit,64,Rennes,France,2023-10-14,marie.petit309@hotmail.com,+33699488614
310,Antoine Simon,50,Toulouse,France,2022-02-21,antoine.simon310@free.fr,+33753896897
311,Sarah Richard,55,Bordeaux,France,2025-01-28,sarah.richard311@orange.fr,+33657379411
312,Sarah Roux,75,Nice,France,2024-01-06,sarah.roux312@gmail.com,+33726530122
313,Julie Bertrand,60,Montpellier,France,2024-08-08,julie.bertrand313@gmail.com,+33753550216
314,Nicolas Bernard,62,Lille,France,2023-01-04,nicolas.bernard314@yahoo.fr,+33762538025
315,Emma David,67,Montpellier,France,2024-07-19,emma.david315@yahoo.fr,+33613495551
316,Sarah Vincent,60,Marseille,France,2025-08-16,sarah.vincent316@gmail.com,+33767698881
317,Antoine Roux,71,Montpellier,France,2024-02-26,antoine.roux317@orange.fr,+33646489231
318,Nicolas Fournier,27,Le Havre,France,2023-07-26,nicolas.fournier318@yahoo.fr,+33777335656
319,Louis Laurent,34,Lyon,France,2025-07-24,louis.laurent319@gmail.com,+33786044063
320,Sophie Bertrand,40,Lyon,France,2023-08-15,sophie.bertrand320@yahoo.fr,+33737596474
321,Louis Thomas,69,Toulon,France,2025-01-22,louis.thomas321@gmail.com,+33762341594
322,Camille Garcia,22,Toulouse,France,2022-08-15,camille.garcia322@gmail.com,+33750988621
323,Paul Martin,36,Le Havre,France,2022-03-23,paul.martin323@gmail.com,+33784047868
324,Chloe Fournier,24,Paris,France,2023-07-20,chloe.fournier324@hotmail.com,+33742270660
325,Julie Richard,46,Lille,France,2024-12-05,julie.richard325@free.fr,+33746769931
326,Marie Martin,76,Toulon,France,2025-08-24,marie.martin326@orange.fr,+33756589884
327,Chloe Lefebvre,60,Saint-Etienne,France,2022-11-14,chloe.lefebvre327@free.fr,+33681703610
328,Thomas Richard,19,Toulouse,France,2025-03-22,thomas.richard328@gmail.com,+33634497194
329,Louis Michel,85,Toulouse,France,2022-07-11,louis.michel329@hotmail.com,+33735252249
330,Pierre Fournier,67,Le Havre,France,2024-03-25,pierre.fournier330@gmail.com,+33701853127
331,Louis Lefebvre,26,Toulouse,France,2025-02-13,louis.lefebvre331@gmail.com,+33766835501
332,Marie Laurent,83,Rennes,France,2023-06-11,marie.laurent332@gmail.com,+33773890498
333,Emma Petit,24,Rennes,France,2023-09-05,emma.petit333@free.fr,+33634905741
334,David Fournier,65,Reims,France,2024-04-15,david.fournier334@gmail.com,+33780027192
335,Francois Leroy,60,Paris,France,2024-04-13,francois.leroy335@hotmail.com,+33651290075
336,Chloe Thomas,28,Rennes,France,2023-01-05,chloe.thomas336@hotmail.com,+33646359725
337,Marie Durand,55,Nantes,France,2023-06-14,marie.durand337@gmail.com,+33651293763
338,Lucas Vincent,49,Lyon,France,2022-11-25,lucas.vincent338@orange.fr,+33647137367
339,Lucas Richard,73,Lyon,France,2022-03-31,lucas.richard339@orange.fr,+33785428867
340,Nicolas Vincent,77,Reims,France,2023-06-22,nicolas.vincent340@yahoo.fr,+33715012830
341,Julie Robert,39,Paris,France,2024-07-20,julie.robert341@yahoo.fr,+33656316079
342,Paul Dubois,44,Saint-Etienne,France,2024-12-22,paul.dubois342@hotmail.com,+33659876034
343,Chloe Garcia,61,Bordeaux,France,2023-04-02,chloe.garcia343@orange.fr,+33703369928
344,Francois David,19,Paris,France,2024-04-20,francois.david344@free.fr,+33620731975
345,Lea Robert,43,Nantes,France,2023-08-21,lea.robert345@hotmail.com,+33754383634
346,Lucas Vincent,54,Lille,France,2025-05-17,lucas.vincent346@orange.fr,+33667022998
347,Chloe Durand,54,Saint-Etienne,France,2023-10-04,chloe.durand347@free.fr,+33739295304
348,Camille David,81,Saint-Etienne,France,2024-12-09,camille.david348@gmail.com,+33772542872
349,Sarah Michel,74,Strasbourg,France,2023-03-17,sarah.michel349@free.fr,+33798191980
350,Chloe Thomas,84,Montpellier,France,2022-10-12,chloe.thomas350@orange.fr,+33761190433
351,Nicolas Petit,48,Toulouse,France,2022-02-27,nicolas.petit351@yahoo.fr,+33784373049
352,Emma Leroy,83,Lyon,France,2022-11-25,emma.leroy352@gmail.com,+33640008596
353,Chloe Bernard,73,Reims,France,2024-11-04,chloe.bernard353@hotmail.com,+33723431487
354,Pierre Petit,47,Toulouse,France,2025-09-13,pierre.petit354@gmail.com,+33613930965
355,Francois Simon,64,Saint-Etienne,France,2025-09-10,francois.simon355@hotmail.com,+33781235673
356,Paul Martin,34,Reims,France,2022-09-10,paul.martin356@yahoo.fr,+33714220068
357,Antoine Bertrand,51,Saint-Etienne,France,2025-02-17,antoine.bertrand357@yahoo.fr,+33622806553
358,Nicolas Lefebvre,19,Marseille,France,2022-04-07,nicolas.lefebvre358@free.fr,+33749438893
359,David Richard,69,Strasbourg,France,2024-02-09,david.richard359@orange.fr,+33682862416
360,Louis Martin,81,Nice,France,2024-08-07,louis.martin360@yahoo.fr,+33671449393
361,Jean Robert,53,Lille,France,2024-06-10,jean.robert361@free.fr,+33672822789
362,Chloe Petit,77,Reims,France,2022-03-29,chloe.petit362@free.fr,+33625892190
363,Sophie Vincent,78,Le Havre,France,2025-12-04,sophie.vincent363@orange.fr,+33764881321
364,Pierre David,40,Strasbourg,France,2025-12-08,pierre.david364@hotmail.com,+33624008340
365,Sophie Fournier,58,Bordeaux,France,2024-04-25,sophie.fournier365@free.fr,+33618423906
366,Lea Laurent,37,Marseille,France,2022-09-19,lea.laurent366@hotmail.com,+33772584324
367,Pierre Richard,58,Nantes,France,2023-02-12,pierre.richard367@orange.fr,+33733578188
368,Julie Lefebvre,61,Nice,France,2023-10-28,julie.lefebvre368@hotmail.com,+33751635959
369,Manon Fournier,74,Bordeaux,France,2025-02-07,manon.fournier369@orange.fr,+33693590212
370,Camille Martin,40,Toulouse,France,2024-06-22,camille.martin370@free.fr,+33620462732
371,Chloe Vincent,58,Le Havre,France,2023-08-17,chloe.vincent371@orange.fr,+33660806793
372,Sophie Garcia,37,Rennes,France,2023-04-12,sophie.garcia372@gmail.com,+33715978692
373,Pierre Roux,43,Toulon,France,2023-12-08,pierre.roux373@yahoo.fr,+33676192592
374,Alice Garcia,59,Rennes,France,2023-06-19,alice.garcia374@hotmail.com,+33681103384
375,Manon Simon,66,Marseille,France,2025-10-25,manon.simon375@free.fr,+33694614153
376,Alice David,34,Nantes,France,2022-08-18,alice.david376@hotmail.com,+33648907839
377,Nicolas David,21,Lyon,France,2022-11-06,nicolas.david377@orange.fr,+33792094744
378,Paul David,72,Rennes,France,2024-03-18,paul.david378@free.fr,+33730992836
379,Sarah Fournier,28,Toulon,France,2024-05-11,sarah.fournier379@gmail.com,+33606265846
380,Marie David,48,Lille,France,2025-09-18,marie.david380@free.fr,+33792702063
381,Manon Bertrand,75,Paris,France,2023-12-15,manon.bertrand381@yahoo.fr,+33758465702
382,Alice Dubois,26,Lille,France,2025-10-20,alice.dubois382@orange.fr,+33607168256
383,Pierre Fournier,19,Bordeaux,France,2023-06-01,pierre.fournier383@hotmail.com,+33707547050
384,Manon Thomas,22,Reims,France,2023-04-03,manon.thomas384@yahoo.fr,+33631935124
385,Camille Petit,54,Le Havre,France,2022-10-26,camille.petit385@yahoo.fr,+33648403949
386,Camille Dubois,69,Strasbourg,France,2022-06-01,camille.dubois386@yahoo.fr,+33771929993
387,Jean Bertrand,43,Toulon,France,2023-09-03,jean.bertrand387@hotmail.com,+33629754866
388,Sarah Bernard,26,Saint-Etienne,France,2025-07-24,sarah.bernard388@hotmail.com,+33613119286
389,David Garcia,50,Nice,France,2025-06-19,david.garcia389@yahoo.fr,+33626113472
390,Manon Michel,65,Marseille,France,2025-11-30,manon.michel390@yahoo.fr,+33612884847
391,Manon Martin,69,Lyon,France,2022-02-03,manon.martin391@yahoo.fr,+33648141975
392,Camille Leroy,72,Toulouse,France,2025-08-12,camille.leroy392@free.fr,+33621594070
393,Nicolas Lefebvre,74,Nantes,France,2023-05-06,nicolas.lefebvre393@orange.fr,+33671040600
394,Marie Simon,28,Saint-Etienne,France,2024-10-07,marie.simon394@hotmail.com,+33705547181
395,Camille Laurent,80,Lille,France,2022-04-16,camille.laurent395@free.fr,+33737029542
396,Manon Durand,36,Saint-Etienne,France,2022-01-26,manon.durand396@gmail.com,+33600191271
397,Lucas Fournier,80,Lille,France,2023-08-10,lucas.fournier397@yahoo.fr,+33784335734
398,Julie Durand,65,Toulouse,France,2022-01-11,julie.durand398@orange.fr,+33674872912
399,Julie Dubois,84,Nice,France,2024-10-18,julie.dubois399@orange.fr,+33699849114
400,Paul David,72,Rennes,France,2024-03-04,paul.david400@gmail.com,+33606279430
401,Marie Laurent,84,Toulouse,France,2024-08-09,marie.laurent401@orange.fr,+33600652806
402,David Leroy,59,Montpellier,France,2024-09-20,david.leroy402@hotmail.com,+33714749073
403,Antoine Dubois,70,Lille,France,2024-12-20,antoine.dubois403@hotmail.com,+33747521990
404,Sarah Laurent,81,Le Havre,France,2025-08-21,sarah.laurent404@gmail.com,+33685907515
405,Sarah Vincent,51,Marseille,France,2024-08-09,sarah.vincent405@free.fr,+33700868154
406,Jean Garcia,33,Rennes,France,2022-01-20,jean.garcia406@orange.fr,+33766420605
407,Emma Martin,33,Toulon,France,2022-04-26,emma.martin407@orange.fr,+33670342480
408,Louis Michel,63,Toulouse,France,2024-03-25,louis.michel408@orange.fr,+33720715227
409,Thomas Martin,47,Strasbourg,France,2025-05-09,thomas.martin409@gmail.com,+33669340530
410,Louis Durand,35,Strasbourg,France,2024-08-12,louis.durand410@orange.fr,+33674871447
411,David Bernard,25,Marseille,France,2025-10-29,david.bernard411@yahoo.fr,+33787254530
412,Thomas David,57,Bordeaux,France,2025-07-02,thomas.david412@hotmail.com,+33713939611
413,Marie Petit,19,Toulouse,France,2025-03-21,marie.petit413@yahoo.fr,+33737597580
414,Alice Simon,42,Reims,France,2022-04-24,alice.simon414@free.fr,+33667146238
415,Thomas Leroy,58,Marseille,France,2023-04-14,thomas.leroy415@hotmail.com,+33607467454
416,David David,66,Rennes,France,2024-05-14,david.david416@hotmail.com,+33689185706
417,Alice Lefebvre,77,Saint-Etienne,France,2022-07-17,alice.lefebvre417@gmail.com,+33619998847
418,Thomas Vincent,54,Le Havre,France,2022-12-08,thomas.vincent418@orange.fr,+33620987495
419,Paul Bertrand,55,Nice,France,2022-10-10,paul.bertrand419@free.fr,+33656950803
420,Sophie Leroy,61,Rennes,France,2025-12-02,sophie.leroy420@yahoo.fr,+33749387510
421,Paul Leroy,67,Rennes,France,2022-08-03,paul.leroy421@gmail.com,+33674926263
422,Marie Thomas,70,Paris,France,2025-10-26,marie.thomas422@hotmail.com,+33689829199
423,Jean Dubois,63,Toulouse,France,2022-05-10,jean.dubois423@gmail.com,+33613014929
424,Alice Bernard,39,Saint-Etienne,France,2022-11-15,alice.bernard424@hotmail.com,+33770536811
425,Emma Bernard,55,Montpellier,France,2023-08-07,emma.bernard425@orange.fr,+33636082396
426,Nicolas Roux,38,Nantes,France,2022-03-31,nicolas.roux426@gmail.com,+33684729852
427,Alice Thomas,74,Saint-Etienne,France,2022-09-04,alice.thomas427@gmail.com,+33753997641
428,Paul Michel,59,Reims,France,2025-09-25,paul.michel428@yahoo.fr,+33617659020
429,Alice David,73,Lyon,France,2022-05-10,alice.david429@yahoo.fr,+33737451358
430,Thomas Fournier,21,Le Havre,France,2023-12-11,thomas.fournier430@orange.fr,+33628700833
431,Louis Thomas,67,Bordeaux,France,2023-08-04,louis.thomas431@gmail.com,+33695267404
432,Emma Michel,80,Nantes,France,2025-07-17,emma.michel432@hotmail.com,+33629182923
433,Francois Durand,53,Lyon,France,2022-08-18,francois.durand433@yahoo.fr,+33738968306
434,Sarah Fournier,72,Strasbourg,France,2023-11-21,sarah.fournier434@free.fr,+33706823137
435,Manon Moreau,48,Nantes,France,2025-05-25,manon.moreau435@gmail.com,+33686088922
436,Lucas Dubois,54,Bordeaux,France,2023-07-30,lucas.dubois436@orange.fr,+33792402137
437,Sophie Robert,52,Le Havre,France,2025-08-07,sophie.robert437@free.fr,+33733131482
438,Francois Laurent,40,Lille,France,2025-04-01,francois.laurent438@orange.fr,+33788618436
439,Emma Petit,47,Nice,France,2022-07-03,emma.petit439@free.fr,+33665548134
440,Manon Moreau,25,Nice,France,2024-07-04,manon.moreau440@gmail.com,+33623615400
441,Sarah Roux,83,Nice,France,2024-10-03,sarah.roux441@gmail.com,+33724509521
442,Lea Leroy,19,Saint-Etienne,France,2023-10-23,lea.leroy442@yahoo.fr,+33600854170
443,Antoine Laurent,53,Nice,France,2024-06-30,antoine.laurent443@hotmail.com,+33639479709
444,Manon Michel,55,Marseille,France,2023-11-14,manon.michel444@hotmail.com,+33679374169
445,Francois David,62,Paris,France,2025-03-11,francois.david445@gmail.com,+33700581786
446,Lucas Fournier,59,Lille,France,2024-10-15,lucas.fournier446@free.fr,+33726352276
447,Sophie Simon,30,Bordeaux,France,2023-01-05,sophie.simon447@free.fr,+33763193074
448,Lucas Richard,24,Paris,France,2023-08-24,lucas.richard448@gmail.com,+33681633660
449,Francois Dubois,73,Lyon,France,2023-06-17,francois.dubois449@hotmail.com,+33766158075
450,Pierre David,69,Bordeaux,France,2022-08-31,pierre.david450@yahoo.fr,+33609478950
451,Pierre Bertrand,71,Montpellier,France,2022-06-01,pierre.bertrand451@yahoo.fr,+33600603688
452,Jean Richard,60,Marseille,France,2023-05-06,jean.richard452@hotmail.com,+33700873453
453,Paul Roux,34,Montpellier,France,2022-08-04,paul.roux453@free.fr,+33706001173
454,Louis Martin,47,Reims,France,2025-01-16,louis.martin454@free.fr,+33689508613
455,Lucas Bertrand,70,Montpellier,France,2023-05-24,lucas.bertrand455@gmail.com,+33796435570
456,Chloe Martin,57,Lille,France,2022-04-13,chloe.martin456@free.fr,+33632680211
457,Sarah Michel,56,Montpellier,France,2022-08-09,sarah.michel457@yahoo.fr,+33628532954
458,Sophie Vincent,61,Paris,France,2023-06-21,sophie.vincent458@hotmail.com,+33619224737
459,Alice Martin,55,Lille,France,2023-09-10,alice.martin459@free.fr,+33655310590
460,Thomas Garcia,61,Paris,France,2025-05-26,thomas.garcia460@free.fr,+33784279723
461,Sophie Bernard,21,Lille,France,2022-02-21,sophie.bernard461@free.fr,+33615603581
462,Jean Bertrand,28,Nantes,France,2023-11-05,jean.bertrand462@orange.fr,+33643719061
463,Lucas Moreau,19,Nice,France,2024-11-12,lucas.moreau463@hotmail.com,+33724020562
464,Lucas Bertrand,36,Le Havre,France,2025-04-16,lucas.bertrand464@orange.fr,+33772517014
465,Lucas Leroy,61,Paris,France,2023-06-03,lucas.leroy465@hotmail.com,+33763110957
466,Lucas Durand,24,Lille,France,2023-07-16,lucas.durand466@orange.fr,+33724248117
467,Nicolas Lefebvre,22,Toulouse,France,2025-10-30,nicolas.lefebvre467@hotmail.com,+33722991510
468,Francois Lefebvre,26,Toulon,France,2025-08-09,francois.lefebvre468@hotmail.com,+33740877117
469,Sarah Roux,84,Montpellier,France,2022-07-08,sarah.roux469@yahoo.fr,+33605088107
470,Marie Robert,52,Reims,France,2024-10-29,marie.robert470@free.fr,+33606453366
471,David Dubois,72,Bordeaux,France,2024-11-08,david.dubois471@gmail.com,+33679371603
472,Sarah Richard,46,Marseille,France,2022-10-31,sarah.richard472@yahoo.fr,+33628086474
473,Sarah Vincent,60,Saint-Etienne,France,2024-07-10,sarah.vincent473@yahoo.fr,+33679230337
474,Lea Robert,52,Saint-Etienne,France,2024-03-03,lea.robert474@gmail.com,+33791004576
475,Jean Roux,72,Toulouse,France,2024-11-29,jean.roux475@free.fr,+33694948721
476,Pierre Roux,22,Saint-Etienne,France,2024-11-09,pierre.roux476@gmail.com,+33618089172
477,Sarah David,82,Lille,France,2022-07-07,sarah.david477@free.fr,+33617956685
478,Antoine Michel,49,Marseille,France,2022-09-22,antoine.michel478@yahoo.fr,+33715566851
479,David Laurent,46,Marseille,France,2024-01-08,david.laurent479@hotmail.com,+33662052186
480,Manon Michel,18,Lille,France,2022-06-04,manon.michel480@yahoo.fr,+33735431137
481,Chloe Dubois,69,Montpellier,France,2024-02-13,chloe.dubois481@orange.fr,+33772687638
482,Nicolas Leroy,24,Bordeaux,France,2025-03-28,nicolas.leroy482@orange.fr,+33683602708
483,Chloe Garcia,52,Nantes,France,2024-11-03,chloe.garcia483@gmail.com,+33670535839
484,Emma Richard,40,Marseille,France,2025-06-10,emma.richard484@yahoo.fr,+33783180343
485,Chloe Lefebvre,78,Paris,France,2024-04-17,chloe.lefebvre485@orange.fr,+33624692170
486,Alice Robert,73,Le Havre,France,2025-10-08,alice.robert486@orange.fr,+33793847927
487,Thomas Fournier,51,Lille,France,2025-09-02,thomas.fournier487@yahoo.fr,+33779758647
488,Julie Petit,57,Nice,France,2023-03-28,julie.petit488@hotmail.com,+33771170762
489,Emma Vincent,51,Marseille,France,2023-02-09,emma.vincent489@orange.fr,+33645343483
490,Paul Simon,38,Lille,France,2022-01-09,paul.simon490@orange.fr,+33783413116
491,Thomas Leroy,68,Lille,France,2025-06-01,thomas.leroy491@gmail.com,+33653280278
492,David Petit,27,Lyon,France,2022-03-27,david.petit492@free.fr,+33651731945
493,Francois Bertrand,69,Saint-Etienne,France,2022-08-19,francois.bertrand493@gmail.com,+33779659449
494,Manon Bertrand,81,Lyon,France,2023-04-25,manon.bertrand494@yahoo.fr,+33722802711
495,Sophie Laurent,81,Marseille,France,2024-07-01,sophie.laurent495@yahoo.fr,+33671154105
496,Manon Richard,76,Nice,France,2023-11-27,manon.richard496@free.fr,+33633624203
497,Jean Simon,71,Montpellier,France,2022-12-19,jean.simon497@orange.fr,+33609464768
498,Marie Lefebvre,63,Nantes,France,2023-05-11,marie.lefebvre498@yahoo.fr,+33710948334
499,Manon Roux,52,Montpellier,France,2023-05-27,manon.roux499@gmail.com,+33705972758
500,Julie Roux,62,Montpellier,France,2023-04-24,julie.roux500@yahoo.fr,+33626841518
